dept_name_raw,class_100,class_200,class_300_400,class_500,class_700,class_800,class_900,total,fiscal_year,dept_name,dept_code,abbreviation,dept_major_code
Art Museum,0.0,0.0,0.0,-500000.0,0.0,0.0,0.0,-500000.0,2026,Art Museum,34,,34
Auditing (City Controller),61428.0,-150000.0,0.0,0.0,0.0,0.0,0.0,-88572.0,2026,City Controller's Office,61,,61
Board of Ethics,-3066.0,0.0,0.0,0.0,0.0,0.0,0.0,-3066.0,2026,Board of Ethics,45,,45
Board of Revision of Taxes,-725.0,0.0,0.0,0.0,0.0,0.0,0.0,-725.0,2026,Board of Revision of Taxes,63,BRT,63
Citizens Police Oversight Commission,2286030.0,808002.0,12000.0,0.0,0.0,0.0,0.0,3106032.0,2026,Citizens Police Oversight Commission,74,CPOC,74
City Commissioners,-1253495.0,-3232864.0,-263966.0,0.0,0.0,0.0,0.0,-4750325.0,2026,City Commissioner's Office,73,City Commissioners,73
City Council,1000000.0,-673906.0,-111068.0,0.0,0.0,0.0,0.0,215026.0,2026,City Council,01,,01
City Representative,1529682.0,1252500.0,170000.0,0.0,0.0,0.0,0.0,2952182.0,2026,Office of the City Representative,41,City Rep,41
City Treasurer,-10416.0,0.0,0.0,0.0,0.0,0.0,0.0,-10416.0,2026,Office of the City Treasurer,40,City Treasurer,40
Civil Service Commission,-438.0,0.0,0.0,0.0,0.0,0.0,101577000.0,101576562.0,2026,Civil Service Commission,55,,55
Commerce,1984513.0,-638800.0,31187.0,-500000.0,0.0,0.0,0.0,876900.0,2026,Office of the Director of Commerce,42,Commerce,42
Commerce-Convention Center Subsidy,0.0,0.0,0.0,0.0,0.0,0.0,0.0,0.0,2026,Commerce: Convention Center Subsidy,42-CC,,42
Commerce-Economic Stimulus,0.0,43520000.0,0.0,0.0,0.0,0.0,0.0,43520000.0,2026,Commerce: Economic Stimulus,42-ES,,42
District Attorney,432985.0,463320.0,0.0,0.0,0.0,0.0,0.0,896305.0,2026,District Attorney's Office,69,DAO,69
Finance,6783654.0,599830.0,0.0,1849819.0,0.0,-2358224.0,0.0,6875079.0,2026,Office of the Director of Finance,35,Finance,35
Finance-Budget Stabilization,0.0,0.0,0.0,0.0,0.0,569000.0,0.0,569000.0,2026,Finance: Budget Stabilization Reserve,35-BSR,,35
Finance-Community College Subsidy,0.0,0.0,0.0,-2000000.0,0.0,0.0,0.0,-2000000.0,2026,Finance: Community College Subsidy,35-CC,,35
Finance-Employee Benefits,89215080.0,0.0,0.0,0.0,0.0,0.0,0.0,89215080.0,2026,Finance: Employee Benefits,35-EB,Employee Benefits,35
Finance-Hero Scholarship Awards,0.0,0.0,0.0,0.0,0.0,0.0,0.0,0.0,2026,Finance: Hero Scholarship Awards,35-HA,,35
Finance-Indemnities,0.0,0.0,0.0,-25000000.0,0.0,0.0,0.0,-25000000.0,2026,Finance: Indemnities,35-IN,,35
Finance-Payment to Housing Trust Fund,0.0,0.0,0.0,0.0,0.0,1874166.0,0.0,1874166.0,2026,Finance: Housing Trust Fund,35-HTF,,35
Finance-Refunds,0.0,0.0,0.0,0.0,0.0,0.0,0.0,0.0,2026,Finance: Refunds,35-R,,35
Finance-Reg #32,0.0,0.0,0.0,0.0,0.0,0.0,0.0,0.0,2026,Finance: Reg #32,35-R32,,35
Finance-School District Contribution,0.0,0.0,0.0,0.0,0.0,0.0,0.0,0.0,2026,Finance: School District Contribution,35-SD,,35
Finance-Witness Fees,0.0,0.0,0.0,0.0,0.0,0.0,0.0,0.0,2026,Finance: Witness Fees,35-WF,,35
Fire,-4580287.0,1161682.0,-6329457.0,0.0,0.0,280934.0,0.0,-9467128.0,2026,Fire Department,13,Fire,13
First Judicial District,-1228531.0,-150000.0,0.0,0.0,0.0,0.0,0.0,-1378531.0,2026,First Judicial District,84,FJD,84
Fleet Services,241422.0,0.0,1255662.0,0.0,0.0,0.0,0.0,1497084.0,2026,Office of Fleet Management,25,Fleet,25
Fleet Services -Vehicle Lease/Purch.,0.0,0.0,-8983900.0,0.0,0.0,0.0,0.0,-8983900.0,2026,Fleet: Vehicle Lease/Purchases,25-V,,25
Free Library,-163225.0,25000.0,182453.0,0.0,0.0,0.0,0.0,44228.0,2026,The Free Library of Philadelphia,52,Free Library,52
Human Relations Commission,10899.0,0.0,0.0,0.0,0.0,0.0,0.0,10899.0,2026,Commission on Human Relations,54,Human Relations,54
Human Services,-3145616.0,8210315.0,-134937.0,0.0,0.0,0.0,0.0,4929762.0,2026,Department of Human Services,22,DHS,22
L&I-Board of Building Standards,0.0,0.0,0.0,0.0,0.0,0.0,0.0,0.0,2026,L&I: Board of Building and Standards,29,,29
L&I-Board of L&I Review,-1645.0,0.0,0.0,0.0,0.0,0.0,0.0,-1645.0,2026,L&I: Board of Review,27,,27
Labor,-36144.0,-990634.0,-700.0,0.0,0.0,0.0,0.0,-1027478.0,2026,Labor,03,,03
Law,1151868.0,30000.0,0.0,0.0,0.0,0.0,0.0,1181868.0,2026,Law Department,44,Law,44
Licenses & Inspection,969695.0,192000.0,232000.0,0.0,0.0,0.0,0.0,1393695.0,2026,Department of Licenses and Inspections,26,L&I,26
Managing Director,-7012846.0,-101670529.0,-3199712.0,0.0,0.0,-30000000.0,0.0,-141883087.0,2026,Managing Director's Office,10,MDO,10
Managing Director-Citizens Police Oversight Commission,-2286030.0,-808002.0,-12000.0,0.0,0.0,0.0,0.0,-3106032.0,2026,MDO: Citizens Police Oversight Commission,10-CP,,10
Managing Director-Clean & Green,-1055000.0,0.0,0.0,0.0,0.0,0.0,0.0,-1055000.0,2026,MDO: Clean and Green,10-CG,,10
Managing Director-Defenders Association,0.0,1000000.0,0.0,0.0,0.0,0.0,0.0,1000000.0,2026,MDO: Legal Services,10-LS,,10
Managing Director-Public Safety,-2203158.0,-11920943.0,0.0,0.0,0.0,0.0,0.0,-14124101.0,2026,MDO: Public Safety,10-PS,,10
Mayor's Office,-921500.0,-99639.0,-167350.0,0.0,0.0,0.0,0.0,-1188489.0,2026,Mayor's Office,05,Mayor,05
Mayor's Office Scholarships,0.0,0.0,0.0,0.0,0.0,0.0,0.0,0.0,2026,Mayor's Office: Scholarships,05-S,,05
Mural Arts Program,0.0,-500000.0,0.0,0.0,0.0,0.0,0.0,-500000.0,2026,Mural Arts Program,50,Mural Arts,50
Neighborhood Community Action Centers,2086750.0,266500.0,457800.0,0.0,0.0,0.0,0.0,2811050.0,2026,Neighborhood Community Action Centers,75,NCAC,75
Office of Arts and Culture and the Creative Economy,0.0,250000.0,0.0,-8280000.0,0.0,0.0,0.0,-8030000.0,2026,"Office of Arts, Culture, and the Creative Economy",58,Arts & Culture,58
Office of Behavioral Health and Intellectual disAbility,69339.0,2161973.0,100000.0,0.0,0.0,0.0,0.0,2331312.0,2026,Behavioral Health and Intellectual Disability Services,15,DBH/IDS,15
Office of Community Empowerment and Opportunity,-1964000.0,1175976.0,-384476.0,0.0,0.0,0.0,0.0,-1172500.0,2026,Mayor's Office of Community Empowerment and Opportunity,08,CEO,08
Office of Education,3431238.0,4673399.0,134937.0,0.0,0.0,0.0,0.0,8239574.0,2026,Office of Children and Families,66,OCF,66
Office of Homeless Services,250011.0,-5305841.0,0.0,0.0,0.0,0.0,0.0,-5055830.0,2026,Office of Homeless Services,24,OHS,24
Office of Human Resources,385364.0,5230000.0,0.0,0.0,0.0,0.0,0.0,5615364.0,2026,Office of Human Resources,56,OHR,56
Office of Innovation and Technology,688456.0,7252966.0,-2045254.0,0.0,0.0,-606451.0,0.0,5289717.0,2026,Office of Innovation and Technology,04,OIT,04
Office of Innovation and Technology-911,180000.0,2669973.0,10934247.0,0.0,0.0,0.0,0.0,13784220.0,2026,OIT: 911,04-911,,04
Office of Property Assessment,-197182.0,1060000.0,0.0,0.0,0.0,0.0,0.0,862818.0,2026,Office of Property Assessment,59,OPA,59
Office of Public Safety,9305263.0,57049103.0,318880.0,0.0,0.0,0.0,0.0,66673246.0,2026,Office of Public Safety,76,Public Safety,76
Office of Sustainability,275000.0,325000.0,1500.0,0.0,0.0,0.0,0.0,601500.0,2026,Office of Sustainability,49,Sustainability,49
Office of the Chief Administrative Officer,541657.0,-8593700.0,18813.0,0.0,0.0,0.0,0.0,-8033230.0,2026,Office of the Chief Administrative Officer,65,CAO,65
Office of the Inspector General,0.0,0.0,0.0,0.0,0.0,0.0,0.0,0.0,2026,Office of the Inspector General,48,OIG,48
Parks and Recreation,3024.0,-2491000.0,-1325000.0,0.0,0.0,-3571865.0,0.0,-7384841.0,2026,Department of Parks and Recreation,16,Parks & Recreation,16
Planning and Development,1175041.0,675000.0,15000.0,-4000000.0,0.0,0.0,0.0,-2134959.0,2026,Department of Planning and Development,72,Planning & Development,72
Police,21994681.0,104824.0,-2183675.0,0.0,0.0,0.0,0.0,19915830.0,2026,Police Department,11,Police,11
Prisons,5908434.0,-4328583.0,11561.0,0.0,0.0,0.0,0.0,1591412.0,2026,Philadelphia Prison System,23,Prisons,23
Procurement,-30703.0,0.0,0.0,0.0,0.0,0.0,0.0,-30703.0,2026,Procurement Department,38,Procurement,38
Public Health,-31017.0,6552616.0,-335000.0,0.0,0.0,0.0,0.0,6186599.0,2026,Department of Public Health,14,Public Health,14
Public Property,42835.0,1428619.0,-2250000.0,0.0,0.0,10075128.0,0.0,9296582.0,2026,Department of Public Property,20,Public Property,20
Public Property-SEPTA Subsidy,0.0,1697560.0,0.0,0.0,0.0,0.0,0.0,1697560.0,2026,Public Property: SEPTA Subsidy,20-SS,,20
Public Property-Space Rentals,0.0,17697391.0,0.0,0.0,0.0,0.0,0.0,17697391.0,2026,Public Property: Space Rentals,20-SR,,20
Public Property-Utilities,0.0,7301753.0,0.0,0.0,0.0,0.0,0.0,7301753.0,2026,Public Property: Utilities,20-U,,20
Records,-15694.0,125000.0,0.0,0.0,0.0,0.0,0.0,109306.0,2026,Department of Records,31,Records,31
Register of Wills,1252.0,0.0,0.0,0.0,0.0,0.0,0.0,1252.0,2026,Register of Wills,68,,68
Revenue,-1198483.0,-882037.0,-280000.0,0.0,0.0,0.0,0.0,-2360520.0,2026,Department of Revenue,36,Revenue,36
Sanitation,6082272.0,1025000.0,-2670472.0,0.0,0.0,0.0,0.0,4436800.0,2026,Streets: Sanitation,12-S,,12
Sanitation-Disposal,0.0,3649037.0,0.0,0.0,0.0,0.0,0.0,3649037.0,2026,Streets: Disposal,12-D,,12
Sheriff,-383148.0,-300000.0,300000.0,0.0,0.0,0.0,0.0,-383148.0,2026,Office of the Sheriff,70,Sheriff,70
Sinking Fund Commission (Debt Service),0.0,52416815.0,0.0,0.0,1078182.0,0.0,0.0,53494997.0,2026,Sinking Fund Commission,37,Sinking Fund,37
Recession Reserve,0.0,0.0,0.0,0.0,0.0,0.0,-95000000.0,-95000000.0,2026,Finance: Recession Reserve,35-RR,Recession Reserve,35
